<?xml version="1.0" encoding="UTF-8" ?>
<extension type="package" version="3.8" method="upgrade">
	<name>English Australian Language Pack</name>
	<packagename>en-AU</packagename>
	<version>3.8.3.1</version>
	<creationDate>December 2017</creationDate>
	<author>stevec4</author>
	<authorEmail>stevec4@comcast.net</authorEmail>
	<authorUrl>www.joomla.org</authorUrl>
	<copyright>Copyright (C) 2005 - 2017 Open Source Matters. All rights reserved.</copyright>
	<license>GNU General Public License version 2 or later; see LICENSE.txt</license>
<description>Joomla! 3.8.3.1 English (Australia) Language Package</description>
<files>
        <file type="language" client="administrator" id="en-AU">admin_en-AU.zip</file>
        <file type="language" client="site" id="en-AU">site_en-AU.zip</file>
</files>
<updateservers>
        <server type="collection" priority="1" name="Accredited Joomla! Translations">https://update.joomla.org/language/translationlist_3.xml</server>
    </updateservers>
</extension>